,wd,ws,yaw_angles_opt,ai_opt,freq_val,yaw_000,yaw_001,yaw_002,yaw_003,yaw_004,yaw_005,yaw_006,yaw_007,yaw_008,ai_000,ai_001,ai_002,ai_003,ai_004,ai_005,ai_006,ai_007,ai_008
0,250,8,[0. 0. 0. 0. 0. 0. 0. 0. 0.],[0.297 0.297 0.33  0.297 0.297 0.33  0.33  0.33  0.33 ],0.0004889577051585073,0.0,0.0,0.0,0.0,0.0,0.0,0.0,0.0,0.0,0.29700000000000004,0.29700000000000004,0.33,0.29700000000000004,0.29700000000000004,0.33,0.33,0.33,0.33
1,250,16,[0.   0.   0.   0.   0.   0.   0.   0.   0.01],[0.297 0.297 0.33  0.297 0.297 0.33  0.33  0.33  0.32 ],0.0,0.0,0.0,0.0,0.0,0.0,0.0,0.0,0.0,0.01,0.29700000000000004,0.29700000000000004,0.33,0.29700000000000004,0.29700000000000004,0.33,0.33,0.33,0.32
2,290,8,"[5.93393785e-10 1.32174322e+01 1.60640386e+01 8.74379637e-09
 1.51628783e+01 1.65272679e+01 8.63995432e-09 7.87080876e-09
 6.19811102e-08]",[0.297 0.297 0.33  0.297 0.297 0.33  0.33  0.33  0.33 ],0.0006845407872218902,5.933937845334234e-10,13.21743224463763,16.06403859375361,8.743796365478319e-09,15.162878343106998,16.527267912589988,8.639954322689922e-09,7.870808761924873e-09,6.198111017037751e-08,0.29700000000000004,0.29700000000000004,0.33,0.29700000000000004,0.29700000000000004,0.33,0.33,0.33,0.33
3,290,16,"[3.32383400e-10 1.32198533e+01 1.60619046e+01 4.59879285e-09
 1.51597832e+01 1.65284558e+01 4.54473476e-09 4.14320208e-09
 5.24124558e-03]",[0.297 0.297 0.33  0.297 0.297 0.33  0.33  0.33  0.32 ],0.00011409013120363169,3.323834001450785e-10,13.219853293839284,16.061904627485394,4.598792846402349e-09,15.15978323222321,16.528455811338087,4.54473476117756e-09,4.143202083172791e-09,0.005241245583703039,0.29700000000000004,0.29700000000000004,0.33,0.29700000000000004,0.29700000000000004,0.33,0.33,0.33,0.32
